0,"['-LIL6PawB2R5FgUkXcYj', '7k4hJLMoE4VyybF96YMI6oD8LVu2']"
1,"['-LIGKLK_wrWXsciJNJdY', 'N42OKEYYwSQjj2iHTtuECMYsAlE2']"
2,"['-LIGJqL10T2p3EI3s1UP', '8wWu6yUWk0bYdPbrg0HvcXA6vKL2']"
3,"['-LIF38_S4qhQ9iPVcxzH', 'XTOQcRQgNZXwyaYqvyvavvOxJ9r2']"
4,"['-LIBeZ5Z9IETHpNW7L5r', 'UrTeE4CzLYTj4fAp4lDpm12PcvQ2']"
5,"['-LIAclNKu00B_hjrNAZq', 'CTEnHHlv3iSU8qtgW4u0oHvbnAv1']"
6,"['-LI5Ni0W4UcPby8uLZRU', 'FDyAJcXv3nTbOcmkK8P3ka9L7Mf1']"
7,"['-LHxDvnX9UoNFh7DK6Bz', 'aM31lZeO9VXK3D8w0iPqVXq83SM2']"
8,"['-LHhN5kDM9hBUpL-97M-', 'Vr1KeXeH7kZkJdHF37bgl3kIlds1']"
9,"['-LHnv5earPJTbFPbv_kB', '8BwsglzXTuQwkf1dwIJrPVbVTHA2']"
