uid,internalNote
-LGwK-06wsen3Mxb2kYW,1
-LGwK-06wsen3Mxb2kYX,
-LGwK-06wsen3Mxb2kYY,2
-LGwK-06wsen3Mxb2kYZ,
-LGwK-06wsen3Mxb2kY_,
-LGwK-06wsen3Mxb2kYa,1
-LGwK-06wsen3Mxb2kYc,2
-LGwK-06wsen3Mxb2kYe,
-LGwK-06wsen3Mxb2kYf,2
-LGwK-06wsen3Mxb2kYg,
-LGwK-06wsen3Mxb2kYh,
-LGwK-07s7MrCE-qWsc7,1
-LGwK-07s7MrCE-qWsc9,
-LGwK-07s7MrCE-qWscA,
-LGwK-07s7MrCE-qWscG,2
-LGwK-07s7MrCE-qWscH,
-LGwK-07s7MrCE-qWscK,
-LGwK-07s7MrCE-qWscO,2
-LGwK-07s7MrCE-qWscR,3
-LH3ZSNWqtAjR5WHbPuc,2
-LH8QuSpsavElmaPW7cI,4
-LH8jd-hwHiiSLKTIsjR,3
-LHCkrJbdx8ZUtWypmEk,
-LHCmB6Xjlycn9jR47Sz,
-LHCmP2HLtQS7qRux_O0,
-LHCnt0alsE5fRzookTq,2
-LHlwUeN9MmlmXAcV_mn,
-LHmvv3OdJlgTZF4rETZ,2
-LIM9P3ZNwmMZZbzXV4i,2
-LIMNiPmTN2aZxo8_1qP,2
-LIRASJk-jSIZ9-9jaXQ,1
-LIRUV9x-TBouhMVFdGV,2
-LIon1l_kuhPE3XTPO8N,1
-LIud-7YUi7dACDzBr0g,3
-LJEzeLiortWUQ7lKCMw,1
-LJIqTIYbKlGD-HptyYg,3
-LJJauyDSdUL64luGti_,1
-LJKAxSnZtZK-j-pSTK4,2
-LJONozrZ5Z19hsK25GN,3
-LJPH33Ff4M2cgCVcHSE,2
-LJTNIUmtjOD6hRdxg1o,1
-LJYhHR0PvmPLwrKHivQ,1
-LJZc-VE9Ua4hspNxuq6,
-LJnO3SrYaEN8XDLnF6S,2
-LJnnF4lKPm1d4wAO67b,
-LJsb0JA-8TvwWyiT-MZ,1
-LJt68cl-PDNe7EEsERW,2
-LJwPyZhG25IFg6zk09z,2
-LJy6W2O1CmTOV6sh45B,
-LK24iloi0E4dCXp8CHd,3
-LK2KCAdnHEHrOxkdiDh,2
-LK6J98OA0ABNc99FrYD,2
-LK7DjmwRVM1tro23rbp,1
-LKLou97OmN8jkJKaaGe,4
-LKRomfJPbqaRK19CeQA,1
-LKWSxnyU8PPM_TDn0C3,2
-LKX5_M7Q-6OLvVKIN5A,2
-LKaGYfhTcdw-Yx5Q2de,
-LKbSRAvEFbORauLuNzL,
-LKfMO_XuUmRcbSckq4r,3
-LKgFShKlbjXB7VfSRlT,2
-LKgH10LTnRifyTkx9xF,2
-LKgtK5B4hrzCPpgJqu1,
-LKzthKc_GwYxFr5Hj2_,
-LL-1_pFjbkBWWX7Ihz6,2
-LL-So74VGpYgj_ESeOs,2
-LL-sqZ9L5wqUI-fATAz,2
-LL-xHQQQxHQLUK_hwnX,
-LL4uEmg9PrM9FevNgRo,3
-LL53FZkxtiz4Omo1MYJ,1
-LL964uRyT16aEdq0gjv,2
-LL9QkJxdsRJHkJuRvME,2
-LLACGRf4Stqw-MTROCv,3
-LLAT-DKlEifnyscjJch,1
-LLEJA_V5xQ2ZheszFhF,2
-LLKPjq8BVeDIgFRr2RF,2
-LLZyrESbGkUmO-jwxUz,2
-LLdImID_K7hGrCaPF7U,2
-LLibiN8R-5KKNut4LH3,2
-LLj2Z6zS5J5XMFe4UvI,1
-LLjS5QZLsLjcWQO4O1U,2
-LLnONVggZ0qbjjjhXiB,2
-LLnRO-_tAfe4c9swKO3,0
-LM2kU6IUOlbDLDjR6xx,1
-LM6wdHLQTQE9YcoRYuw,1
-LM95ohDUW2GtJhoeeWM,2
051XpdPYf7wayCen4raN,3
06TSXqKEcJ3hfNf89wtP,2
0NCx11xpAS11WvzhtOZ9,3
0laHxLwGmGYOOsUyKmOk,4
0sRPkt6qA0504F0Is3A9,2
1HYy96rgeUPK47RPTFaE,4
2GNbBNApa9uiZ6CQKCQ8,4
2MkWJin66NwgPEQ0qwno,1
2Ruo36Ju1Nw5gjQF9obQ,4
2cLsyFFLm4m8ovBkxQps,2
2h471RjpPIAxJVUvhfPI,
2sfcYj1MhDv5rO2qAATt,
3Jfvnfi0doS0PVuwXHZ2,1
3K6IRA04WCIjKsWhylQL,3
3LNf9wfKhIax52KHhyzE,
3MGtDJ2jvZlmcSYY1Af4,
3SgHkFwTomY8AHoDH4Qf,3
3VK5xv0GR9jKCZ2d9Mnr,
3sXSvztxtUxjyDjt46l1,4
45v2VBxsVwauf32DqZOp,
483APChD8lgxgNK8CXho,
4OwcsPQOdZazV9uoP6tQ,3
4S5f4Yl8zOPoi5KzzE76,4
4SXtSJhQFaiogftOqUmK,2
4kqa3dpDZTR5yiqphdcZ,
4rCKCwof35OKPF2EXTFf,
4sQaMBczVCcTA2Jbe9qU,4
516VwCE5L2LnZQwH9V4u,3
5F4mMP4UlXzjU09Jyki6,
5HsjOWrkqqcCmAPKD3ns,
5IuCSaOBtwtJUSd799Rq,4
5q6HMRMqw7RWfVZ7XMIJ,2
6DKMd1rSK3xZKgsIAiii,
6J6i0QTrtw44q7TTIoLh,1
6RRKK3CQUTx0r97TGd7h,2
6TKTG9wwPfD4KVZh5X2M,4
6sT7QsBMP32F0zTWx1DS,2
77mbhi72W4ztqMCYbbh7,
7Eedp6qq5e6PzxD5OK0j,2
7YTPMydSUUNe9Ul6Tew7,
7chOpTZ3nBNlRALvhcdl,
7ePtDlkD4FQQ8DGxYJiM,3
7so4GTI4YfymPyKpjoW5,3
7xTtJ1BRbyvLfM6zHkqM,2
8H1wfuvi7j1TYZXbBBps,
8ol2sED49R47G22VuNCu,
8pPiMIOMVxxCk535KA9r,2
94UVQIbgeA9DrIi1vHox,2
9GdrHh3Z9gLktTDamZ7v,2
9M89o2hOKumGNFFx5Mjn,2
9NvH4lqhrneHbs8hxEKe,2
9P2KVT87IvNdKZJc4Ao2,
9RTeoSgKmo6tq1758qAa,
9vnPh3H7OoJH5uHeCKqq,
AFapiZ8UAm7yQvVXUzjv,
AI8HTlgQ1Mwot6RTqUSM,4
AJLSVTvrPqWlL4PelUvW,3
ATrRv15zGqp8ZesXyrUn,2
B9fwUHV9J56E2JHOz7e5,
BjoX7ps4poFra7hJrksc,1
BqkKPkjCgklnJYz90WL9,1
Bwze5VeiAqG35efm2FCu,2
COh3hjb2hOBMvo4XOoDK,
CXjHTepdkaCqOOThALiz,
CcbJhj1dSHfu4TLNjggI,2
CgNX3EpDIQJvb5Q0bPYW,4
CpheBOabCNR1M1YbD8OX,
D3JNsiAxZccP5wYD580s,2
D6AAjMu9s2uQydMXxs4L,
DR2lBjRPAPNiV1cfTjzE,3
DaY87McPjiNa8IXGXVKw,3
DkfirxkRUXPy80y7emfb,
EGcTnKLE42KXfjZCR2sT,
EWHHei589JYhCiq9Myyg,2
EotM9NN8kyfHEETEtiw8,2
F1Tfba4NWk6OG7cs3qcC,4
FBADDdhvqXBpH474nLfe,
FIx3npwB5UgJVQnaLdNJ,2
FKU0rgg1xqYgF346fieo,
FZFpo1NmywrazdOPMDUA,2
FgYBQT7ZrBErbNXSg2Qo,2
FheOicbRnZ3pqJuDLnPd,3
G6L8qE52shzmr1rfuQ32,2
GIy36oySUeL2Ttc26A2b,1
GWP2U0P5RiNfoM8pdX4Z,
GX4r6tGBXkSBfoeSW3KH,
Gel0IfTkfz6PAdUe9nm6,
H1rmDU5NHGZrRWHLVs3c,4
H3N1NCRrvPpPVZUe9sdf,2
HNaD0e7a9jk3zDfaGdSZ,4
HeDH45fCM94THxKuUE3i,2
Hl4jwFbhlRpV8YThEV6Z,
IjbezKTGM71ZQMgMEcpX,
IkPaRz7j5wfOKNCCiRsR,
J7XSPRipLoWpeLqs0WZ9,3
JJghYDfmPKNa9aGh9lad,4
JKYwzYHRjFpoeMQ0R0Kt,3
JLH4Gmbl6uX9QE411E4j,4
JT5TIKCwGEAdNQbTgq3u,4
JVMdynrcZW0mxJ0R7adk,3
JfrRouHz2brWQ23h1t9a,4
JklCy8CTSyacLKsDF7wK,
JmD7bNwjwABM1WZFJnrb,
JoT4jiAH50XODmOJuqbU,3
JrCBiUKCKw6093vjQclW,2
JrarPuQBCROD8gU2Z0wn,
JsayUjGGUPH2DZ3lI2k6,4
JulWE0FL1hZu02JxeNSd,3
K97JlHbHA8TOjxb6iMYa,4
KEUltH6L1M2WYdxuGisB,4
KFjcMsTU5vg5Z1JWQjtF,2
KHOTiP8PakXV6ZgH47N7,4
KPDCfALwcVWzBnBuYbsg,
KWwRToLq2xbkjLvFd8fQ,3
KXLakE0akcGPW8aRQVaZ,
KcKeIDt7dEWHwsc0eYuT,
KlEoTz7bIVsu0p6P6lBh,
KuocN48xwrWNylJV47g6,
LFnBvWNHKGixm9TA9Rj1,2
LTm8ueJx6vDjzrHzFr89,
LWgm2JYh5J9lLEIkPSW4,4
M7JQ1UYERfbu4BSBDmjR,2
MGtOTzeRu2nekwBxHVDI,
MtmjA5D6XJMSmav5nBBp,
MvMLV4rIc9FbHBMPVSBX,2
N8UkezDgPGZyv9yrXfJc,2
N9szTPunSm1sXanY8Dxn,4
NEdsf9cjaEUwaxrR2Fzj,
NHR88ToF6grnoEmaa3Zy,2
NKlAR4bzgpcBNpTI5WVh,
NSTlDb727X6lpAfN90po,
NX6AuUCRgGyKmOwoPo14,
Nkoe87i9GFIrW3zCJaEy,3
O8AkOYNBx4qiIX8eL3uD,
OA8yRR4YWvrbNnzNINV0,3
OVwq6cbNhGxA8YYatRc6,1
OqyRiaSHOZAbM03GNmh6,2
P6IJfpEnp2s0biv5p2ZB,
PGfxBN6wHaYh9TttEnCD,
PU57zT9GJnqkoQeL8Qh4,2
PhDa47YcTX2HWylDiGcz,4
PrQdpjCzh07BkcugyMW9,
Pvba3Rgx4nt9tft2fM5o,4
Q2aEe4CJuMnJLZhsmDAd,2
Q6N4a9lR2UJtvDWEf6Qm,2
QCRSulJZwooRAukqgmM3,2
QFhnj3zfchxrp0ys6RTx,2
QVY2znDGXEHMwJDQCvI3,2
QcheuXjOIHwP0WAf67rk,
Qf2ZqlzMa5s0usxenpuU,4
QkzeDJHQaL5POquBuidg,1
Qu2IzzAMYIK1mykNRDkr,4
R1y48JpmnA5A7fdrAbA6,
Rrtq3yALJHwAfsyPVhoG,
RxyK2MoZGH8u6rcjd6qg,
S5tdK0K2AewjafZAseON,
S9bGaf8mBvsK8sWdYHrJ,1
SBn21jjvCQB6MPfyagpD,4
SJPftSSwuPUtYHe4tWho,
SUA8gcXDpOJoUR9JVPpV,
SrXnSOK8N2FPKmlc4t26,
T3wRrFeHhDILtDjPjtoN,
T4sXQMgD6A5cIbdXpyRd,3
TctNDiW4eFaVb8QkC1br,
TuiCTcinV9az3SkzidQ9,
Tv71u6xkvLDtDwY5ErmB,4
UHsR3zd819MR3prQgeJS,
UW3UZ0BFf52plqeNjbaf,
Ur9BAQxOwEVtcD3BATtI,2
UxyK5VGsvBeEjGCwVEsw,
UyFrPf9o2FXHGYVJ1sTe,4
V3XbATikLDjHUPjspoKB,
V5bfJ0bAbPfk2NisX5Lc,
V9CjKnZuDmQonjHTv1z8,2
VIZjuLNPMRtBPWlZjal9,4
VSJkwNxnCHjdEps5iymZ,3
VSgewTkvGK0pz0QHjdkx,3
VokcduvXDwl2yyyGOte1,1
VrGGSXDWpa1RvjU4LYok,
Vrux0MaNC0Ogw5hWvxtU,3
Vsmhu7pLKSVfszVH0Qzd,3
W07MUer8OVytymEh6XI5,2
W46jkmGBVP8nVFQmInHd,4
WUN0EPp5Y778PAUlouXu,
WdBdUW7Zx0psL4t62MEZ,2
WdvTVXoE6lErUpVbqZB7,2
WusDv2J0p9aW8c735Xle,
X2lhHiOPM17ps40wRMtD,
X7waYogbdP8mGgX6jm5O,3
XO85ajmQgA8GflFllg66,
XQ4CbIdBrCdOuzL4Zzsl,
XaHM02opINKGizswAfpv,
Xm6M6sT8yXR39EiNyE4U,1
XopySGiI8bJbagDRSwrI,1
XpPStQAbRAd0XKl4xDPq,
XsI2lhfhEcdk3R2eNhlr,2
ZQEV3VLeGGR2iQNwxcui,1
ZlhzoHJZKRYiDrikjco2,
ZqC9k2U0CM4QUa43qg4E,
a0O9K1ddyhvBLjJHOHeM,
a1EpJTgiKRBdZbmy4Y0L,4
ao2ip6gdH58UnksJ7glH,3
b5dDiOFtHXEi5YxGSHTd,
b78jJXmGVh2zQkTWtf5D,1
b9H4s3uxzUAL2QCxZa6c,2
bH4cOJyH36wBiw4vUE9q,2
bvRDL6QxgvyYoDredMkX,3
bvSn7iiLBDjOl5tbmnz1,4
c5ikIwScK40BaKqcDHX0,
cOZ55lqxeNAFcMWhxCqp,1
ccXtMihog0RNsydSC3aI,2
cgFb5lCQ38MOlgYFmS0K,
cmUtKcMy4MoBoaUv01tZ,
cnRdp6guyGKVs85EnnlT,1
d3UIWnVa8JiBzBG8ceG7,
d5Wip1rbcUfBVdoTfpP5,1
d8we7JTgB9I18pFEaGBQ,4
dVjdHxwvqPjqGXrqYJcr,1
dgbZkxyssRZr7gcoXLOE,4
dgyTVZZtVGkVrrTE5GCM,2
djIl9sUbq9pGQi3doyZw,2
dk706Txq6La7Z94Z6xs8,
dpuces4u3F7ZRSTOb6zF,
dsD7edAzAZB9rb2yMdgW,3
duOneXRBPzTWmw2DRXui,3
dy88yX6trsuh8dhjNiD3,4
e7ATCtEiklal9vlKbZzk,2
eByCIzo2B9v5ceee97WI,2
eYAO9otge3BQ49xJepRH,
eaF7MxyDo32Yijkk5Ics,2
egqLB5VcZ5rKV92MtvUv,
gKqdBgu0G4VQW2NwDUx1,4
gSF2TACzDa8vRaojWgKi,3
gmp20Bc6MGVlZMsDF7Jm,2
guCgBKlYaefFOKRQHReJ,2
gz3pM5pLzSDwvW7H3j6Z,3
hyN45XFQ8VASaIqwNTqI,4
i5ZTTPerGPlRbnMFD9sV,3
i9aVnpd6rpJId11EZkzx,
iKGP56j2yY9BI3FawjM4,4
iLy8MnB5ByVt79DYenyc,
inEkHFlhSxjYHY0LsG2q,4
iu9M1mfmkFzg9zJlS4rG,1
iw4o1d3HtLOBuohtvbg6,
j0u4eEsV6t0iQ6qtknv0,2
jRpdVnEuliaMyqnvKEMH,2
jSc38uemmoM0spWqIV0D,2
jlLbA65KxlNu4z8xabPh,4
jxzJrvKjc8bZS5WmzTt6,2
k8OfqhKCNMmRAAvncZdU,
kS8pZPUgeUwdzeOy51Eh,2
kS9z5Ow6TF504HpQslHp,
kTxe7hAKEZpBgDUyDb6t,4
kg8SarX6uCz79ts4xKdP,
kyiaTi6BQ3AQRj1Hxf2h,3
l1QyGx5AwdK6dOcVaaLM,
l7ctT9HEroWrQhlm3glC,
l8Qvi86EKGR7KEvWokAK,3
lavnYry5dHoIcNrBBXRq,2
lcvrW5uP5nWKuGKNfBQM,4
lxJTJ9O0WgByOkiRUluj,
marwDmPpDYjnXQzOAw3x,
mcYP7iadVbrvYoW2U92Z,4
mci9oWDQq3ctzWvPmVKC,4
mdLj5O33KXpBPEai0UOs,
mm72ue6GJzaYE9RmumdS,3
mvfvWYnKAbWFEtwtAbUb,3
mygkxqRlDB0RFczMLn4S,4
n04K6mTIdYRQ2TcvTzHb,2
nCqPeyKJ8TEm59P2rnNZ,4
nEKEA3Dl7fxCu4toRyjj,
ngDU30RDRlAXtqGFgyCT,3
nkMVRViFGIPnuIyW8Xei,1
nqhm9r55kXUrxNA0wP8c,
oUByx8UwNs7anHtVUrje,4
oZTzOMuukysAznvfTzI6,2
or6kQn8z0b4R107WX9PE,
ow8gCCzzvbwPCDx6Fc5A,
ozF206WGDzxuoWfmdtFg,4
ozVFM3raI6wEGcxU9bW8,4
pA7kkvLL9vQBkIMldplj,2
pMKwpQhuKg1huPEnkAPd,4
pVsBu5XtZo6EWgsz3bkc,4
piUFnvBrRJ61QUjL8YLs,
plaxVw4YmOOX6ZTfOMX7,4
prXqYX5pl6gsfpAeuoZu,2
q3iNK9DiM7ifb8jHiGNg,
q8uLIObYhOqw2WBviCm1,4
qEJBwpMthedT1Jn9Lqui,
qWWVPN4jSdXcewFxPxLp,2
rKeBAI8etrjLYkXIlzn7,1
rNJ1UHH8MhHVXw7M0e1n,
rVdx3Wuv3TLfCUJY8GzC,
rdwdG04KRgMPUM0HVMmD,4
rvQoBAkxcJz0dcGgsI2i,3
s1KUPzWZZafkDQqFjQvs,
sDlv04KBpIn29JinjYK9,3
sGHIpIZ8EqAy43LDzmG4,
sHLtXGq9T2ZcwOZGK0DX,4
se2uYbcmc55agICM3cHC,
shD18nCcqV6xS1nVc7LA,4
t2s7972FZw8qlFub8ZfW,3
tHgQNogcPik8TCBietdB,
tLdovRCbiZzEZ3cLbjQx,2
tMETFgceP2KbJQzxUat8,2
tX23LRzphMWcCnZ0fHT7,
trxWD64cmed0h6WaAAWQ,
uDJ8dPBtCqcdj6fqW2N3,4
uFRT1cwVL5vLUaaNSSzH,2
uHV7v9PM2ubpJCo5y3rM,
ufHAcD6tbuHDymDvcDWJ,4
upOaFBPPliDMUhFsgrQY,3
urbHech2gzgcGxe0Z4MF,4
vFCD07rGh4FKGIFsbakT,
vZNvU9nsSuSHWO4TbO1O,
vZvvBMqZujNSdFlGWS45,4
vdJFqqqXvPmjqCjVRAB0,
vfNhNUyXoIoSlTgPV6vt,2
vmLQYYaDzUTliNnpzstS,3
vyQK3WzSgSSsjxuyneuS,
w91XoSYzlphDEsa7uCYu,4
wGWebi3yMZjW66OkbnkP,1
wWNYBzphg82GVSwn8tff,
wdi1urYSb3vSvMahieIA,
weznTtWM4ixDHqWE1w8I,
wpVC7RqlLwGePxlM2R1o,2
wzA1sygm2bmDaEt5VHnp,4
x4FITm8cgg6TwkDOXlQR,
xGusRI3aqQ0hd7pg2E5v,
xTmTFBiTj2ySHZ6QNeAh,2
xX6J0614WxVTOO26rTaq,4
xnrdQ2ZIqHVCRbM782L6,2
y2VOarAtGoD2QxGanmxa,
y8i8gffcU2ghg50CqNq9,3
ybio10ChM7MAuhCE0n3C,2
yuwmu7850Mq7bgI2JP3u,2
zrRVFhix7Bed6x2gO12m,1
ztaZXSiB5eMhZO9AY0eH,
